﻿id,abbreviation,name
1,AL,Alabama
2,AK,Alaska
3,AZ,Arizona
4,AR,Arkansas
5,CA,California
6,CO,Colorado
7,CT,Connecticut
8,DE,Delaware
9,FL,Florida
10,GA,Georgia
11,HI,Hawaii
12,ID,Idaho
13,IL,Illinois
14,IN,Indiana
15,IA,Iowa
16,KS,Kansas
17,KY,Kentucky
18,LA,Louisiana
19,ME,Maine
20,MD,Maryland
21,MA,Massachusetts
22,MI,Michigan
23,MN,Minnesota
24,MS,Mississippi
25,MO,Missouri
26,MT,Montana
27,NE,Nebraska
28,NV,Nevada
29,NH,NewHampshire
30,NJ,NewJersey
31,NM,NewMexico
32,NY,NewYork
33,NC,NorthCarolina
34,ND,NorthDakota
35,OH,Ohio
36,OK,Oklahoma
37,OR,Oregon
38,PA,Pennsylvania
39,RI,RhodeIsland
40,SC,SouthCarolina
41,SD,SouthDakota
42,TN,Tennessee
43,TX,Texas
44,UT,Utah
45,VT,Vermont
46,VA,Virginia
47,WA,Washington
48,WV,WestVirginia
49,WI,Wisconsin
50,WY,Wyoming
